Reference area;Source type;Time;Total;"A. Agriculture; forestry and fishing";B. Mining and quarrying;C. Manufacturing;"D. Electricity; gas, steam and air conditioning supply";"E. Water supply; sewerage, waste management and remediation activities";F. Construction;"G. Wholesale and retail trade; repair of motor vehicles and motorcycles";H. Transportation and storage;I. Accommodation and food service activities;J. Information and communication;K. Financial and insurance activities;L. Real estate activities;M. Professional, scientific and technical activities;N. Administrative and support service activities;"O. Public administration and defence; compulsory social security";P. Education;Q. Human health and social work activities;R. Arts, entertainment and recreation;S. Other service activities;"T. Activities of households as employers; undifferentiated goods- and services-producing activities of households for own use";U. Activities of extraterritorial organizations and bodies;X. Not elsewhere classified
Andorra;Official estimate;2015;3;0;0;0;0;;1;1;0;1;;0;0;;0;;0;0;1;;0;0;0
Argentina;Other administrative records and related sources;2010;568162;;;;;;;;;;;;;;;;;;;;;;
Armenia;Labour inspectorate records;2010;21;;6;3;1;;4;;3;;3;;;;;;1;;;;;;
Armenia;Other official source;2013;49;;;;;;;;;;;;;;;;;;;;;;
Armenia;Other official source;2014;40;;25;4;4;2;;;4;;;;;;;;;;;1;;;
Armenia;Other official source;2018;33;;17;13;3;;;;;;;;;;;;;;;;;;
Armenia;Other official source;2019;24;;17;5;2;;;;;;;;;;;;;;;;;;
Austria;Insurance records;2010;78413;6558;186;16039;421;645;12841;8114;6194;3159;202;290;318;603;5284;6710;1611;4602;758;755;8;4;
Austria;Insurance records;2011;70434;5503;169;16079;408;585;12637;7878;5316;2868;178;262;288;620;5631;5271;1303;3281;663;692;12;5;
Austria;Insurance records;2012;67025;4609;180;15691;428;638;12399;7834;4990;2874;211;227;320;672;5406;4983;1143;2775;682;647;4;4;
Austria;Insurance records;2013;64646;4457;152;15187;411;632;11965;7706;5026;2767;221;252;323;543;4955;4582;1105;2755;677;693;5;3;
Austria;Insurance records;2014;65418;4669;120;14247;358;625;11827;7477;4718;2893;182;258;289;566;4859;4571;1182;2725;688;614;6;8;
Austria;Insurance records;2015;61227;3946;162;13650;323;610;11608;7488;4704;2987;209;228;276;611;4584;4309;1194;2862;756;662;8;3;
Austria;Insurance records;2016;58320;645;139;15102;357;651;12774;8664;3229;3449;180;239;310;716;5473;1829;583;2409;733;807;2;5;24
Austria;Insurance records;2017;61868;4205;156;13568;308;681;11312;7302;4859;2897;171;236;360;572;5362;4294;1304;2905;687;667;4;1;
Austria;Insurance records;2018;63229;4421;176;13747;276;647;11753;7625;4845;3034;200;207;263;544;5562;4574;1249;2807;582;688;9;2;
Azerbaijan;Labour inspectorate records;2013;117;3;28;15;13;7;27;1;7;4;2;0;0;0;0;0;0;5;0;5;0;0;0
Azerbaijan;Labour inspectorate records;2014;181;4;28;29;8;2;47;4;19;0;2;3;0;0;0;0;2;10;0;23;0;0;0
Azerbaijan;Labour inspectorate records;2015;111;4;11;25;8;1;31;4;8;0;2;0;0;0;0;0;4;1;0;12;0;0;0
Azerbaijan;Labour inspectorate records;2016;182;1;60;29;6;1;30;7;18;;2;1;;;;;2;2;;23;;;
Azerbaijan;Labour inspectorate records;2017;122;;21;20;3;1;25;2;14;1;3;;;;;;;5;;27;;;
Azerbaijan;Labour inspectorate records;2018;146;4;30;27;8;3;29;;12;;4;;;;;;4;3;;22;;;
Azerbaijan;Labour inspectorate records;2019;239;4;53;42;10;1;38;5;21;;9;1;;;;;6;8;;41;;;
Barbados;Labour inspectorate records;2015;464;;;;;;;;;;;;;;;;;;;;;;
Barbados;Labour inspectorate records;2016;516;28;23;84;;12;28;64;6;92;7;2;;;;66;11;17;;;;;76
Belarus;Establishment survey;2017;1314;333;5;425;46;13;183;58;106;6;3;3;7;15;13;20;22;33;16;7;;;
Belarus;Establishment survey;2018;1575;377;3;512;36;19;238;97;97;11;3;3;8;17;16;20;42;43;26;7;;;
Belarus;Establishment survey;2019;1698;440;4;534;39;20;226;105;107;17;4;3;8;12;23;20;55;50;27;4;;;
Belgium;Insurance records;2010;67263;383;151;14108;83;545;10974;9550;7389;1944;275;340;303;626;9411;80;621;8409;545;725;19;22;
Belgium;Insurance records;2011;65033;464;151;13513;83;502;11174;9115;7259;1835;266;293;257;588;9966;60;505;6991;521;696;20;18;
Belgium;Insurance records;2012;58418;370;113;12205;85;447;9971;8301;6535;1744;233;222;246;548;8639;51;446;6460;510;585;11;25;
Belgium;Insurance records;2013;56405;351;116;11213;63;457;9165;8209;6267;1584;278;289;224;526;8118;70;487;7145;531;544;14;23;
Belgium;Insurance records;2014;65587;359;77;10565;106;840;8543;7755;6982;1634;295;253;242;543;8587;7219;1446;8072;572;507;13;21;
Belgium;Insurance records;2015;63863;335;82;9991;116;734;8122;7795;7308;1627;326;261;226;536;8625;7168;1368;7648;553;501;16;15;
Belgium;Insurance records;2016;69245;466;99;11945;365;615;9346;9702;7477;1943;324;300;289;705;13313;83;547;9763;754;602;22;15;570
Belgium;Insurance records;2017;70895;386;83;9719;112;833;7813;7921;8045;1657;297;222;243;520;9991;10374;2595;8481;598;503;20;13;
Belgium;Insurance records;2018;72059;398;78;9971;123;820;7694;7836;8206;1637;314;207;248;605;10350;10321;2969;8649;614;492;13;18;
Belize;Establishment or business register;2010;1804;758;14;181;23;17;215;120;37;110;15;5;14;3;32;99;23;55;36;3;23;1;20
Belize;Establishment or business register;2011;1757;675;14;198;24;9;220;138;55;119;0;9;55;0;0;101;27;54;0;36;19;1;3
Belize;Establishment or business register;2012;1756;716;15;168;17;10;205;121;65;124;0;8;53;0;0;99;23;51;0;53;28;0;0
Belize;Establishment or business register;2015;1923;654;12;232;12;21;274;167;45;166;10;5;12;22;40;133;27;27;16;16;27;5;
Belize;Establishment or business register;2016;1841;521;10;231;6;29;297;210;64;153;22;6;18;28;28;122;16;36;9;14;19;1;1
Belize;Establishment or business register;2017;1781;497;10;234;6;22;299;150;67;166;17;5;12;32;32;126;20;32;15;13;22;4;
Brazil;Insurance records;2011;636118;25441;3844;203506;2401;12580;54244;97498;48812;18867;5864;10000;1112;7133;37687;21098;7649;34869;2021;9453;46;24;31969
Bulgaria;Insurance records;2010;2331;56;176;692;83;64;231;167;286;62;32;20;8;25;74;121;84;114;21;13;0;2;
Bulgaria;Insurance records;2011;2257;49;157;658;74;62;256;180;250;55;40;13;11;33;67;106;92;103;37;14;0;0;
Bulgaria;Insurance records;2012;2278;54;143;629;78;72;229;191;276;54;43;24;9;25;84;124;88;100;40;13;0;2;
Bulgaria;Insurance records;2013;2164;56;166;589;52;66;200;222;286;49;31;12;9;32;58;110;73;102;44;6;0;1;
Bulgaria;Insurance records;2014;2246;59;170;635;70;60;222;214;300;56;42;17;9;21;67;87;70;99;35;13;0;0;
Bulgaria;Insurance records;2015;2290;64;152;626;75;82;200;237;281;62;30;16;15;26;88;103;84;104;27;18;0;0;
Bulgaria;Insurance records;2016;2233;39;162;617;57;82;184;235;305;56;28;11;8;22;75;141;71;102;29;7;0;1;1
Bulgaria;Insurance records;2017;2230;59;122;570;43;97;181;233;360;58;25;25;9;30;74;123;77;99;29;13;0;3;
Bulgaria;Insurance records;2018;2255;42;124;642;64;61;205;254;322;55;29;15;13;17;75;123;71;101;32;9;0;1;
Colombia;Other administrative records and related sources;2011;543289;40875;19664;93072;2156;;70745;50434;28253;13120;;5451;149669;;;11057;9792;47825;;;1170;6;
Colombia;Other administrative records and related sources;2012;609881;49180;23315;106321;2613;;94478;57648;30635;15217;;5061;149004;;;12425;10621;51789;;;1538;36;
Colombia;Other administrative records and related sources;2013;531991;45971;14012;89838;2703;;75768;50780;29624;14286;;4743;130630;;;11020;9956;51807;;;788;65;
Colombia;Other administrative records and related sources;2014;701497;58399;17530;117446;3944;;106415;65080;41265;19501;;6892;172821;;;14704;12932;36631;;26634;1236;67;
Colombia;Other administrative records and related sources;2015;723836;64173;19006;115220;4295;;117341;68423;42635;21606;24038;7785;167575;;39791;14901;15220;;;;1767;58;2
Colombia;Other administrative records and related sources;2017;831283;;17428;107837;4226;;355425;66981;41408;22012;;7667;148721;;;17121;17644;;;22865;1897;51;
Croatia;Insurance records;2012;11153;621;30;3826;209;380;701;1199;990;380;70;100;10;60;300;680;460;830;199;110;0;0;
Croatia;Insurance records;2013;11709;549;44;2891;173;419;1008;1485;1120;488;88;131;58;138;377;1009;450;1021;187;66;0;3;
Croatia;Insurance records;2014;11669;509;29;3040;164;393;945;1632;995;538;93;136;57;142;355;882;475;1051;168;62;1;2;
Croatia;Insurance records;2015;13145;632;19;3032;181;469;1019;1971;977;620;119;228;77;210;438;1124;540;1164;223;97;2;3;
Croatia;Insurance records;2016;16212;690;5;3502;198;466;1399;2483;904;793;181;348;38;311;499;1508;819;1676;260;124;3;5;0
Croatia;Insurance records;2017;14164;666;19;3506;152;501;1231;2063;831;777;123;223;97;281;491;1186;568;1199;165;70;2;4;
Croatia;Insurance records;2018;12047;704;25;3080;117;426;1115;1587;808;626;100;215;46;221;410;917;523;871;162;88;0;2;
Cuba;Other administrative records and related sources;2010;4919;570;32;944;82;;426;352;304;233;;18;336;;;233;404;721;264;;;;
Cyprus;Labour inspectorate records;2010;2165;45;19;485;19;33;530;271;133;309;20;26;1;14;27;122;15;39;18;13;17;9;
Cyprus;Labour inspectorate records;2011;2005;37;11;412;33;30;417;286;112;339;15;18;3;16;29;142;20;36;12;21;12;4;
Cyprus;Labour inspectorate records;2012;1732;35;7;350;18;16;326;247;116;329;19;17;2;4;32;111;20;38;14;16;15;0;
Cyprus;Labour inspectorate records;2013;1529;27;9;304;18;30;246;181;102;323;17;10;3;9;31;134;24;28;18;8;6;1;
Cyprus;Labour inspectorate records;2014;1613;31;15;310;14;21;184;227;93;394;12;11;4;11;47;122;31;32;18;19;13;4;
Cyprus;Labour inspectorate records;2015;1592;26;6;281;11;30;154;242;122;432;14;12;3;8;42;99;31;25;16;21;13;4;
Cyprus;Labour inspectorate records;2016;1900;41;7;359;14;25;172;285;131;517;18;18;3;9;43;139;31;32;22;19;12;3;0
Cyprus;Labour inspectorate records;2017;2068;34;8;355;21;26;252;286;151;567;12;11;1;14;73;126;28;38;25;23;14;3;
Cyprus;Labour inspectorate records;2018;2147;61;8;357;17;37;308;278;154;558;12;6;2;13;84;137;36;45;13;14;6;1;
Cyprus;Labour inspectorate records;2019;2158;33;5;375;11;41;330;312;147;571;21;18;4;23;57;110;23;39;10;19;6;3;
Czechia;Other administrative records and related sources;2010;65109;325;663;32176;267;1537;5566;6317;6701;1048;199;161;288;571;1720;2073;1836;2758;489;283;0;6;
Czechia;Other administrative records and related sources;2011;42523;2696;764;18731;138;914;3357;4382;4058;669;94;90;208;352;1351;1316;1105;1762;325;162;0;1;
Czechia;Other administrative records and related sources;2012;41306;2562;765;17993;136;917;3034;4401;3962;708;110;93;270;398;1447;1213;956;1836;310;157;0;0;
Czechia;Other administrative records and related sources;2013;40789;2655;606;17561;139;906;2882;3993;4002;662;94;79;220;405;1688;1347;1140;1910;309;168;0;0;
Czechia;Other administrative records and related sources;2014;42306;2620;541;18676;165;923;2756;4206;4039;694;95;92;180;386;1790;1386;1136;2039;316;159;0;0;
Czechia;Other administrative records and related sources;2015;42629;2523;468;19408;156;993;2658;4386;3975;673;121;99;207;356;1481;1297;1203;2102;333;156;0;0;
Czechia;Other administrative records and related sources;2016;45282;2521;520;20388;156;954;2688;4671;4363;735;133;98;275;382;1416;1258;1271;2229;338;184;0;0;
Czechia;Other administrative records and related sources;2017;45009;2467;519;19801;180;1110;2577;4947;4387;735;121;95;397;406;1217;1329;1264;2203;315;172;0;1;
Czechia;Other administrative records and related sources;2018;44241;2478;53;19129;154;1057;2468;4996;4264;738;129;97;398;427;1195;1247;1276;2269;335;172;0;0;
Denmark;Other administrative records and related sources;2010;62523;1077;77;9225;260;838;6833;5850;6390;1236;500;511;658;792;3224;5571;3518;12979;1128;777;15;4;
Denmark;Other administrative records and related sources;2011;57641;1130;99;8623;166;714;6783;5328;5494;1256;407;332;607;794;2701;6470;2864;10580;1214;689;13;2;
Denmark;Other administrative records and related sources;2012;57761;1185;66;8124;125;712;7053;5223;5356;1221;501;281;642;841;2979;6107;2857;10090;1141;752;17;0;
Denmark;Other administrative records and related sources;2013;55931;1259;55;7554;110;657;6637;4972;5426;1251;338;298;583;849;2933;7026;2282;9276;1135;780;13;2;
Denmark;Other administrative records and related sources;2014;54157;1203;59;7311;80;694;6467;4866;5207;1304;262;257;528;888;2703;5501;2524;9605;1426;713;23;4;
Denmark;Other administrative records and related sources;2015;50282;1049;28;6704;62;610;6231;4277;4400;1244;280;249;512;769;2858;3404;2954;10531;1287;658;13;2;
Denmark;Other administrative records and related sources;2016;49439;1157;54;6635;78;673;6514;4568;4280;1295;286;221;504;742;2935;3718;2807;10667;1272;638;11;6;
Denmark;Other administrative records and related sources;2017;48842;1192;33;6402;89;644;6452;4674;4323;1339;242;279;565;757;2848;3110;2637;10875;1458;703;11;4;
Denmark;Other administrative records and related sources;2018;50185;1302;50;6649;80;675;7126;4752;4375;1324;268;227;584;742;2887;2879;2745;11054;1542;712;6;6;
Ecuador;Other administrative records and related sources;2011;9338;1802;191;2415;349;;640;1273;420;;;463;;;;;;;;1785;;;
Ecuador;Other administrative records and related sources;2012;13657;1356;274;3536;418;;1036;2319;885;;;1135;;;;;;;;2698;;;
Egypt;Labour inspectorate records;2016;15716;40;58;9458;417;582;517;258;2713;171;46;129;9;69;34;533;73;574;20;15;;;
El Salvador;Economic or establishment census;2010;19952;;;;;;;;;;;;;;;;;;;;;;
Estonia;Labour inspectorate records;2010;5556;305;69;1971;79;142;1029;376;404;151;6;13;31;33;217;275;139;203;65;49;0;0;
Estonia;Labour inspectorate records;2011;5925;313;76;2105;73;147;1070;367;524;177;19;13;34;36;267;298;116;184;72;34;0;0;
Estonia;Labour inspectorate records;2012;5847;271;97;2174;59;74;1071;412;435;145;10;9;50;28;256;294;158;243;46;16;0;0;
Estonia;Labour inspectorate records;2013;6175;381;68;2813;56;92;872;394;333;126;10;10;25;32;221;305;140;237;41;23;0;0;
Estonia;Labour inspectorate records;2014;6288;376;58;2719;33;92;842;459;337;187;21;15;32;25;255;373;121;250;74;20;0;0;
Estonia;Labour inspectorate records;2015;6296;304;45;2637;25;60;820;519;329;164;17;12;39;36;313;477;137;242;98;25;0;1;
Estonia;Labour inspectorate records;2016;6354;286;58;2383;44;91;1146;458;463;175;18;4;35;30;308;405;123;227;81;21;0;0;
Estonia;Labour inspectorate records;2017;6279;244;92;2134;62;174;1239;436;597;136;17;9;34;26;293;297;147;240;71;30;0;0;
Estonia;Labour inspectorate records;2018;6230;312;60;2303;36;98;647;521;659;155;9;12;34;65;365;385;143;317;77;32;0;0;
Finland;Other administrative records and related sources;2010;48263;998;129;9565;190;284;7987;4886;5505;1227;257;119;354;772;3597;8406;587;1841;382;635;196;173;
Finland;Other administrative records and related sources;2011;52902;4766;145;9685;194;289;8044;5016;5501;1374;223;129;413;882;3786;8363;615;1942;410;715;201;158;
Finland;Other administrative records and related sources;2012;46922;1039;139;8674;173;295;7823;4907;5208;1282;258;123;374;807;3858;7757;644;2119;435;662;185;154;
Finland;Other administrative records and related sources;2013;47432;4478;156;7670;163;300;7488;4521;4701;1235;247;91;341;872;3425;7651;621;2236;389;669;156;17;
Finland;Other administrative records and related sources;2014;44434;4265;144;7201;125;291;6753;4127;4338;1192;240;106;290;849;3347;7195;604;2109;430;615;140;61;
Finland;Other administrative records and related sources;2015;42069;3956;130;6213;110;232;6313;3920;4166;1237;225;84;256;760;3399;7256;581;2108;376;555;130;61;
Finland;Other administrative records and related sources;2016;41106;3657;128;5843;106;258;6500;3707;4081;1142;248;124;271;721;3471;7134;480;2144;366;534;109;79;
Finland;Other administrative records and related sources;2017;42025;3716;107;6053;123;247;6527;3614;4094;1150;200;131;265;741;4103;6849;515;2435;393;562;99;101;
Finland;Other administrative records and related sources;2018;41038;3520;135;5914;96;243;6681;3582;3827;1074;197;87;263;736;4186;6088;520;2759;371;605;92;60;
France;Insurance records;2010;592992;366;910;92411;492;7881;98042;94170;59333;36895;2619;3274;4725;9081;64010;12574;5785;70307;10248;9469;0;63;
France;Insurance records;2011;611797;545;842;93034;548;7728;98758;95829;58490;38535;2622;3239;4453;9259;70436;12940;6107;75886;9492;9707;0;49;
France;Insurance records;2012;587090;551;744;86729;462;7636;92144;92366;58148;37624;2747;3127;4881;8719;66242;12796;5704;76851;10753;9803;0;37;
France;Insurance records;2013;567407;506;793;81788;398;7212;86078;89492;57814;36982;2569;3087;4174;8527;61797;13067;6011;79388;10395;9731;0;48;
France;Insurance records;2014;724662;16112;651;82701;386;7222;82934;92240;57109;37343;2617;3552;5150;8633;71870;78541;6996;121354;11975;10905;191;48;
France;Insurance records;2015;731120;16249;631;80641;294;7173;78675;93097;58123;37863;2763;3719;5087;8824;73379;80029;7166;127240;12642;11338;155;52;
France;Insurance records;2016;749670;16388;567;78683;299;7174;75334;92040;58788;37650;2675;3698;4896;9051;76720;67575;7276;127792;12439;11488;164;44;
France;Insurance records;2017;753156;14167;529;76852;363;7778;73987;93052;59716;37440;2694;3559;4356;9245;82243;74774;7483;123395;12540;10274;105;42;
France;Insurance records;2018;771837;15025;538;79245;363;7926;75507;94850;66803;38140;4645;3635;4394;10906;89124;85059;32650;132205;13133;10352;118;55;
French Guiana;Official estimate;2014;400;7;9;59;0;3;62;72;29;10;4;3;1;10;53;18;8;40;3;9;0;0;
Georgia;Other administrative records and related sources;2019;168;2;16;42;6;13;54;6;24;5;0;0;0;0;0;0;0;0;0;0;0;0;0
Germany;Insurance records;2010;930447;68139;2794;230779;2114;16117;112210;119422;78351;33901;8386;6777;3299;9529;72257;20140;21654;72648;16764;7510;920;339;
Germany;Insurance records;2011;886849;66828;2723;227544;2108;14346;125306;104544;74777;31811;6111;5271;3039;10123;75751;14412;17068;67288;15257;6775;559;287;
Germany;Insurance records;2012;854665;64507;2170;222931;1037;10453;116909;100216;70816;33028;5769;4717;2626;10890;66041;16079;16588;65980;14385;6651;666;168;
Germany;Insurance records;2013;852061;64892;2242;224771;6810;13354;105052;112358;73634;34116;7330;4712;2798;9944;62095;14717;16779;68431;13586;5390;684;87;
Germany;Insurance records;2014;902892;66054;1483;212855;2840;14427;114496;114024;66514;32107;5790;4770;2841;10615;59646;43781;42249;70728;15716;6464;862;8033;
Germany;Insurance records;2015;899670;62092;1405;213528;3143;15277;112802;114953;70528;31964;5711;5461;3080;9101;59497;43115;42130;71820;17067;6931;759;146;
Germany;Insurance records;2016;917851;64467;1405;214646;3242;14605;116267;114229;65648;32649;5409;4348;3252;9950;65403;48108;43070;75970;17578;6027;743;0;
Germany;Insurance records;2017;878525;53142;2474;199289;2661;13976;117609;105596;85865;30514;4474;4331;3440;13800;80497;18874;20053;74263;16387;8131;815;0;
Germany;Insurance records;2018;877501;47652;1633;204832;2626;14560;118465;104760;87911;31043;4519;4107;3409;14630;85188;17899;19784;75117;17170;8162;601;30;
Greece;Insurance records;2010;15461;221;155;4425;70;601;3394;3122;1085;1028;95;16;6;73;459;142;70;272;120;92;16;0;
Greece;Insurance records;2011;13490;218;133;3666;57;639;2439;3014;984;927;79;28;13;111;443;177;111;256;82;82;32;0;
Greece;Insurance records;2012;11083;297;139;2856;38;560;1654;2660;908;661;44;35;13;82;256;256;66;278;180;79;16;3;
Greece;Insurance records;2013;9676;196;127;2423;44;541;1344;2239;756;623;79;54;13;120;275;247;60;247;168;114;6;0;
Greece;Insurance records;2014;3410;89;70;752;66;147;416;773;294;398;40;17;6;48;106;29;29;67;44;17;2;0;
Greece;Insurance records;2015;3749;91;82;797;75;162;374;813;332;475;65;19;10;59;122;77;30;94;50;20;2;0;
Greece;Insurance records;2016;3987;81;88;802;77;179;411;956;405;481;59;23;11;51;109;50;30;104;47;23;0;0;
Greece;Insurance records;2017;4223;104;94;836;78;177;387;988;406;508;48;28;11;53;166;98;24;135;43;33;5;1;
Greece;Insurance records;2018;4493;116;69;858;87;196;382;1098;456;570;77;39;12;83;124;74;32;125;58;35;2;0;
Guadeloupe;Other administrative records and related sources;2014;1200;36;2;106;4;44;130;231;68;153;13;19;8;22;75;47;20;176;10;35;0;0;1
Hong Kong, China;Labour inspectorate records;2010;41724;21;0;2824;221;;2939;4643;5197;9566;359;238;2060;4533;;8773;;;;;350;;
Hong Kong, China;Labour inspectorate records;2011;40387;22;1;2743;208;;3142;4412;5007;9133;372;199;2071;4530;;8241;;;;;306;;
Hong Kong, China;Labour inspectorate records;2012;39711;18;0;2712;175;;3208;4452;4801;8222;354;233;2234;4724;;8235;;;;;343;;
Hong Kong, China;Labour inspectorate records;2013;37839;21;0;2467;177;;3295;4241;4521;7723;387;246;2190;4269;;7962;;;;;340;;
Hong Kong, China;Labour inspectorate records;2014;37313;24;0;2426;169;;3535;4140;4345;7512;309;245;2173;4361;;7808;;;;;266;;
Hong Kong, China;Labour inspectorate records;2015;35675;20;2;2237;136;;3820;3899;3762;7120;333;285;2272;4219;;7280;;;;;290;;0
Hong Kong, China;Labour inspectorate records;2016;35565;19;0;2007;121;;3828;3812;3763;6843;308;269;2283;4438;;7552;;;;;322;;0
Hungary;Labour inspectorate records;2010;19989;803;80;6921;219;622;1040;2549;2475;518;130;148;118;209;574;911;997;1330;175;170;0;0;
Hungary;Labour inspectorate records;2011;17303;644;62;6235;173;478;852;2278;2085;436;86;131;104;186;589;640;882;1142;144;155;0;1;
Hungary;Labour inspectorate records;2012;20477;878;49;7183;214;636;968;2612;2530;528;136;114;148;169;601;1087;937;1363;172;151;0;0;
Hungary;Labour inspectorate records;2013;18899;688;118;6865;87;585;795;2278;2416;535;101;111;107;142;692;1047;717;1276;204;136;0;0;
Hungary;Labour inspectorate records;2014;19491;751;93;7011;91;635;765;2232;2627;591;104;99;83;144;785;1056;760;1337;183;142;0;2;
Hungary;Labour inspectorate records;2015;20846;757;44;7756;84;768;776;2395;2697;627;83;96;111;149;714;1203;812;1429;209;130;0;6;
Hungary;Labour inspectorate records;2016;22947;819;5;8615;104;924;766;2633;2915;665;115;115;112;164;777;1411;895;1547;215;148;2;0;0
Hungary;Labour inspectorate records;2017;25470;701;6;9862;136;1065;870;2748;3423;696;111;121;122;176;827;1364;1057;1759;243;179;0;4;
Hungary;Labour inspectorate records;2018;23510;609;8;9218;93;1010;883;2709;3167;674;125;82;122;169;719;997;929;1596;229;171;0;0;
Iceland;Other administrative records and related sources;2011;881;24;10;282;16;30;39;94;51;27;3;10;5;1;27;156;11;65;24;6;0;0;
Iceland;Other administrative records and related sources;2012;1580;71;3;402;24;23;80;118;217;42;16;11;9;10;40;306;48;129;16;11;0;2;
Iceland;Other administrative records and related sources;2013;1787;88;3;484;25;33;101;129;188;47;13;10;9;19;34;398;46;127;15;16;0;1;
Iceland;Other administrative records and related sources;2015;1937;35;0;492;11;25;155;112;153;59;78;14;45;0;;426;27;147;32;8;0;0;80
Iceland;Other administrative records and related sources;2016;1958;29;0;458;12;30;163;123;160;72;83;20;48;0;;419;31;135;33;46;0;0;96
Ireland;Labour inspectorate records;2010;19294;986;65;1562;18;175;2475;2589;1959;918;128;124;13;189;286;3189;736;1922;284;1677;0;0;
Ireland;Labour inspectorate records;2011;16748;382;107;2821;47;416;2403;1174;1499;903;936;180;9;120;212;1759;1849;1666;42;226;0;0;
Ireland;Labour inspectorate records;2012;15284;554;78;1824;26;240;1401;1624;988;1257;0;916;77;499;389;857;377;3629;109;440;0;0;
Ireland;Labour inspectorate records;2013;18049;2064;88;2415;34;403;932;2964;1648;1881;295;345;15;286;162;1122;797;2382;50;165;0;0;
Ireland;Labour inspectorate records;2014;18115;1968;71;2946;69;437;1276;1987;2436;783;219;232;37;216;497;1370;875;2497;33;166;0;0;
Ireland;Labour inspectorate records;2015;16681;1888;97;3130;69;430;1755;1170;1233;655;268;263;42;348;270;1544;318;2243;217;742;0;0;
Ireland;Labour inspectorate records;2016;14088;1097;77;2006;62;290;1488;2263;968;1211;89;86;11;273;385;927;820;1671;55;310;0;0;
Ireland;Labour inspectorate records;2017;22125;846;139;3641;66;411;1877;3282;1608;1097;404;371;127;504;1084;820;1103;3757;194;796;0;0;
Ireland;Labour inspectorate records;2018;18090;1116;81;2113;65;239;2388;2155;1277;1200;103;240;62;398;409;972;797;3769;130;577;0;0;
Israel;Insurance records;2012;66264;1439;144;9896;328;257;6890;9537;3751;3993;1244;1217;994;2490;5191;3950;1368;3845;999;1398;33;7;7293
Israel;Insurance records;2014;68031;1514;116;9603;322;305;7143;9763;4076;4622;1219;1265;1129;2365;5266;4109;1403;3817;1023;1485;12;14;7460
Israel;Insurance records;2015;69333;1497;106;9560;266;301;7268;10009;4371;4560;1395;1158;1033;2626;5338;4388;1369;3889;1137;1616;18;27;7401
Israel;Insurance records;2016;65999;1312;100;9010;285;292;6966;9364;4261;4228;1189;1192;1086;2506;5235;4512;1414;3785;1053;1476;30;23;6680
Israel;Insurance records;2017;65687;1395;138;8901;247;306;7074;9478;4330;4018;1261;1162;1073;2495;4858;4499;1363;3819;1078;1622;13;24;6533
Israel;Insurance records;2018;65640;1309;130;8512;272;309;6968;9383;4161;4099;1218;1164;1235;2480;5092;4737;1454;3902;1144;1666;16;18;6371
Israel;Insurance records;2019;41942;767;90;5671;134;192;4261;6344;2787;2773;848;799;742;1553;3561;2985;1002;2542;715;1042;10;11;3113
Italy;Insurance records;2010;437821;43134;930;103489;1400;9958;59620;46572;41188;20876;2870;2137;2600;5367;23174;15440;1936;30929;3727;6004;61;66;
Italy;Insurance records;2011;405888;39896;823;92028;1236;9038;50364;41914;35361;18553;2502;1941;2468;4829;20956;14737;1852;29334;3417;5235;50;83;
Italy;Insurance records;2012;359363;35995;623;76846;1088;8366;39865;36618;30046;16247;2310;1876;2272;4527;17985;12904;1627;26540;3060;4791;50;52;
Italy;Insurance records;2013;329404;33703;570;72505;944;8297;37762;35560;32306;17105;2132;1724;2223;5035;20334;12108;1752;26103;3176;4739;38;64;
Italy;Insurance records;2014;313312;32537;493;68298;973;7722;33005;33134;30237;16344;2295;1531;2207;4787;18698;11119;1675;26347;3048;4533;41;52;
Italy;Insurance records;2015;295162;31095;411;66076;841;7614;30811;31735;29107;15898;1975;1378;1987;4445;16423;10287;1440;24291;2903;4028;42;64;
Italy;Insurance records;2016;291137;28518;425;63038;768;7483;27922;30575;27432;15442;1858;1350;1851;4596;15518;9264;1387;21763;2841;3672;31;63;25340
Italy;Insurance records;2017;294161;27661;406;66946;708;7909;29616;31594;30698;17375;1975;1282;1843;4773;16837;8407;1454;22120;3039;4002;23;48;
Italy;Insurance records;2018;291503;26707;393;66136;695;7521;28105;30683;28617;16306;1882;1219;1833;4953;16066;8449;1705;20929;2908;3746;34;39;
Japan;Establishment survey;2017;119482;4020;196;25793;88;2476;14806;17013;18804;6378;2481;1196;;;;;1084;12100;2299;10748;;;
Japan;Establishment survey;2018;126420;4241;212;27614;113;2451;15065;18276;20045;6642;2620;1090;;;;;1083;13195;2531;11242;;;
Japan;Establishment survey;2019;124766;4221;193;24538;102;2429;14914;17964;19447;6929;3599;1043;;187;6157;99;1150;13440;2452;5044;;;
Kazakhstan;Establishment or business register;2013;2623;125;313;908;96;55;365;78;182;6;13;15;22;54;66;47;66;190;18;4;;;
Kazakhstan;Establishment or business register;2015;2307;81;420;636;76;46;382;63;146;5;9;6;12;32;80;52;64;185;10;2;;;
Kazakhstan;Establishment or business register;2017;2045;72;352;519;70;64;251;66;163;19;14;10;14;34;85;61;64;165;14;8;0;0;0
Kyrgyzstan;Labour inspectorate records;2013;191;1;6;53;17;13;2;2;22;2;5;;;;;60;3;1;;4;;;
Kyrgyzstan;Labour inspectorate records;2015;113;;14;35;9;8;6;1;9;;6;;1;1;;10;3;6;;4;;;
Latvia;Labour inspectorate records;2010;1195;50;7;294;32;13;97;113;209;25;5;4;19;2;39;116;43;90;13;24;0;0;
Latvia;Labour inspectorate records;2011;1353;55;7;374;27;18;127;144;193;36;11;7;17;5;36;110;53;95;15;23;0;0;
Latvia;Labour inspectorate records;2012;1506;58;7;416;41;18;163;189;227;23;9;6;26;3;34;79;71;118;6;12;0;0;
Latvia;Labour inspectorate records;2013;1707;59;12;498;23;31;154;222;254;48;10;3;20;13;41;94;60;131;17;17;0;0;
Latvia;Labour inspectorate records;2014;1725;66;5;542;20;20;146;219;241;43;10;7;25;14;56;150;39;96;16;10;0;0;
Latvia;Labour inspectorate records;2015;1709;69;8;512;17;30;146;238;222;33;9;4;24;19;54;121;50;116;25;12;0;0;
Latvia;Labour inspectorate records;2016;1811;67;10;551;19;19;119;237;271;42;9;2;27;10;72;128;54;135;17;22;0;0;0
Latvia;Labour inspectorate records;2017;1895;77;15;641;19;34;147;204;248;43;9;2;15;13;68;131;51;152;13;13;0;0;
Latvia;Labour inspectorate records;2018;2168;103;9;658;20;33;188;271;308;50;15;6;25;20;59;144;46;157;31;24;0;1;
Lithuania;Labour inspectorate records;2010;2266;110;7;604;34;40;279;251;325;21;16;21;15;32;80;101;136;148;28;18;0;0;
Lithuania;Labour inspectorate records;2011;2625;122;5;692;24;37;358;366;333;48;12;19;23;21;100;108;139;173;37;8;0;0;
Lithuania;Labour inspectorate records;2012;2808;122;1;774;38;43;347;379;339;56;20;30;23;28;104;101;173;172;50;7;1;0;
Lithuania;Labour inspectorate records;2013;3043;131;10;807;38;62;340;477;351;72;15;17;20;34;133;90;166;215;50;14;1;0;
Lithuania;Labour inspectorate records;2014;3120;158;13;860;25;71;354;474;362;75;13;19;17;32;139;99;134;225;41;9;0;0;
Lithuania;Labour inspectorate records;2015;3287;146;8;950;18;54;398;533;343;88;13;13;21;21;160;75;150;244;42;10;0;0;
Lithuania;Labour inspectorate records;2016;3541;134;8;1073;16;51;343;600;354;95;22;18;20;30;182;101;172;254;60;8;0;0;
Lithuania;Labour inspectorate records;2017;3977;166;10;1197;27;97;384;633;444;96;23;11;27;28;205;112;166;268;67;15;0;0;
Lithuania;Labour inspectorate records;2018;3834;154;9;1206;24;71;368;601;389;81;12;4;40;50;229;105;161;262;54;14;0;0;
Luxembourg;Insurance records;2010;6983;157;11;790;22;49;2233;799;777;377;27;48;25;83;746;185;9;470;21;50;33;3;
Luxembourg;Insurance records;2011;7131;138;13;808;9;47;2362;868;700;440;40;47;38;85;738;163;15;446;19;40;40;2;
Luxembourg;Insurance records;2012;7163;135;10;773;19;50;2430;912;682;429;40;45;32;90;662;180;14;493;23;31;48;4;
Luxembourg;Insurance records;2013;7055;152;9;787;21;38;2237;907;644;449;50;43;32;92;665;195;21;537;18;57;45;4;
Luxembourg;Insurance records;2014;7183;155;11;696;21;53;2340;948;557;469;65;43;23;82;702;190;20;620;37;39;62;1;
Luxembourg;Insurance records;2015;7359;134;8;765;22;31;2342;880;625;462;56;63;33;94;766;192;19;667;32;56;53;3;
Luxembourg;Insurance records;2016;7152;143;8;732;19;52;2207;903;626;445;59;39;39;65;773;214;18;637;35;36;54;3;
Luxembourg;Insurance records;2017;6684;119;11;637;19;38;2034;844;612;433;52;24;23;79;765;146;13;633;41;50;62;4;
Luxembourg;Insurance records;2018;7315;128;8;674;29;64;2364;903;623;446;52;38;38;96;818;204;9;620;34;41;70;4;
Malaysia;Other administrative records and related sources;2018;40553;1582;16;227;9389;431;5208;5590;917;2108;591;2806;6618;204;775;154;3771;166;;;;;
Malta;Other administrative records and related sources;2010;2751;29;9;668;78;57;537;237;332;247;27;40;13;31;79;120;59;141;11;11;0;0;
Malta;Other administrative records and related sources;2011;2459;31;3;615;63;55;466;223;278;213;17;9;6;58;87;144;56;82;16;15;0;0;
Malta;Other administrative records and related sources;2012;2529;26;5;624;46;54;438;244;277;261;19;7;10;65;119;145;49;96;21;21;0;0;
Malta;Other administrative records and related sources;2013;2601;24;8;611;59;61;393;278;265;279;25;5;10;55;160;194;46;86;21;18;0;2;
Malta;Other administrative records and related sources;2014;2632;21;7;597;51;43;460;280;354;255;19;8;8;54;123;109;45;146;15;18;0;2;
Malta;Other administrative records and related sources;2015;2289;22;6;495;33;58;364;231;319;197;18;30;4;22;146;77;50;82;13;12;0;2;
Malta;Other administrative records and related sources;2016;3220;36;7;579;31;68;473;305;490;261;14;22;10;62;228;215;42;287;18;24;0;2;46
Malta;Other administrative records and related sources;2017;1846;17;3;351;0;59;263;180;257;172;14;10;7;27;187;97;56;118;9;19;0;0;
Malta;Other administrative records and related sources;2018;2001;27;1;368;12;63;284;219;258;160;10;10;14;34;237;81;37;139;15;30;0;1;
Mauritius;Insurance records;2011;1407;238;10;0;316;2;414;94;30;182;5;52;0;9;21;16;7;0;11;;;;
Mauritius;Insurance records;2012;1083;191;2;0;217;1;286;58;35;183;2;75;0;8;8;9;3;0;5;;;;
Mauritius;Insurance records;2015;1036;189;3;;298;6;152;103;48;140;20;41;;;;17;3;;16;;;;
Mauritius;Insurance records;2016;1101;209;1;0;325;0;192;87;39;161;5;35;0;7;4;12;6;1;17;;;;
Mexico;Insurance records;2010;506528;11224;4416;133645;3411;;45899;127405;30728;;;110035;;;;37686;;;;;;;2079
Mexico;Insurance records;2011;536322;11872;4968;144789;3587;;47878;135634;32545;;;113598;;;;39461;;;;;;;1990
Mexico;Insurance records;2012;557782;11616;5177;147640;3482;;46754;140572;32875;;;123750;;;;39929;;;;;;;5987
Mexico;Insurance records;2014;527844;11687;4390;143659;2989;;43740;133648;32920;;;112252;;;;36179;;;;;;;6380
Mexico;Insurance records;2015;549542;12951;4583;152133;2986;;49594;136636;35018;;;118646;;;;36854;;;;;;;141
Mexico;Insurance records;2016;529356;13075;4209;146677;2663;;46923;132910;34316;;;113158;;;;35257;;;;;;;168
Mexico;Insurance records;2017;562849;14823;4294;138021;2612;;50190;158489;37203;;;119705;;;;37191;;;;;;;321
Moldova, Republic of;Establishment survey;2015;100000;;;;;;;;;;;;;;;;;;;;;;
Moldova, Republic of;Establishment survey;2016;342;28;4;68;15;10;18;39;32;5;6;5;4;2;15;8;19;47;14;3;;;
Moldova, Republic of;Establishment survey;2017;407;23;1;75;8;10;25;47;26;5;7;5;6;4;10;84;22;43;4;2;;;
Moldova, Republic of;Establishment survey;2018;465;16;1;94;13;10;18;56;30;0;8;6;3;6;9;128;13;49;4;1;;;
Moldova, Republic of;Establishment survey;2019;457;24;1;71;18;15;32;64;36;4;8;2;5;2;12;111;11;35;3;3;;;
Mongolia;Official estimate;2016;301;4;58;28;17;4;14;8;17;5;7;7;0;0;3;36;33;35;1;21;0;3;0
Mongolia;Official estimate;2017;305;2;48;58;5;11;9;5;18;4;4;12;0;1;0;2;34;32;35;1;22;0;2
Mongolia;Official estimate;2018;253;5;61;25;4;8;13;6;24;4;3;7;0;0;4;31;15;25;1;15;1;1;0
Mongolia;Official estimate;2019;284;3;61;20;9;16;29;8;37;11;4;10;0;3;0;19;13;16;0;24;0;0;0
Myanmar;Labour inspectorate records;2010;;;;46;;;;;;;;;;;;;;;;;;;
Myanmar;Labour inspectorate records;2011;;;;70;;;;;;;;;;;;;;;;;;;
Myanmar;Labour inspectorate records;2012;;;;40;;;;;;;;;;;;;;;;;;;
Myanmar;Labour inspectorate records;2013;;;;34;;;;;;;;;;;;;;;;;;;
Myanmar;Labour inspectorate records;2014;;;;46;;;;;;;;;;;;;;;;;;;
Myanmar;Labour inspectorate records;2015;;;;103;;;;;;;;;;;;;;;;;;;
Myanmar;Labour inspectorate records;2016;;;;177;;;;;;;;;;;;;;;;;;;
Myanmar;Labour inspectorate records;2017;;;;154;;;;;;;;;;;;;;;;;;;
Myanmar;Labour inspectorate records;2018;;;;185;;;;;;;;;;;;;;;;;;;
Myanmar;Labour inspectorate records;2019;;;1;94;1;;1;;1;;;;;;;;;;;;;;
Netherlands;Insurance records;2010;183005;252;531;27618;882;1935;16782;24213;18470;6983;4616;2704;2067;3008;16243;18429;9504;23856;2115;2489;309;0;
Netherlands;Insurance records;2011;170616;1170;318;22658;201;2975;11150;29466;12588;8948;3059;1622;897;7521;17687;11225;6242;30226;1146;1517;0;0;
Netherlands;Insurance records;2012;165433;1127;0;26128;0;1583;18367;23024;13134;7246;2389;1577;342;6119;14993;13282;8044;21102;2912;4064;0;0;
Netherlands;Insurance records;2013;152214;3169;150;21405;486;699;10470;22960;11656;9286;1682;3093;477;3929;18785;10413;5636;22238;4385;1296;0;0;
Netherlands;Insurance records;2014;87964;2368;0;12793;0;676;7140;12596;9011;2815;438;584;403;2541;5011;6576;2767;19071;2142;1030;0;0;
Netherlands;Insurance records;2015;72829;543;35;14205;164;588;6409;11345;7456;4238;667;743;449;1067;5810;2980;2785;11604;974;767;0;0;
Netherlands;Insurance records;2016;81165;344;0;16792;0;529;5877;12775;5443;4786;1113;523;0;1638;8544;4498;2773;13747;889;894;0;0;
Netherlands;Insurance records;2017;93305;1449;38;17323;146;1262;4484;14139;8056;5533;842;1961;905;2492;6279;5333;4227;16821;1144;870;0;0;
Netherlands;Insurance records;2018;91179;2025;98;17068;0;581;5768;10125;9547;8252;1007;773;903;2556;5170;7678;3485;13791;1805;494;52;0;
New Caledonia;Insurance records;2010;4980;;;;;;;;;;;;;;;;;;;;;;
New Caledonia;Insurance records;2011;4757;;;;;;;;;;;;;;;;;;;;;;
New Caledonia;Insurance records;2012;4291;;;;;;;;;;;;;;;;;;;;;;
New Caledonia;Insurance records;2013;4064;;;;;;;;;;;;;;;;;;;;;;
New Caledonia;Insurance records;2014;4126;;;;;;;;;;;;;;;;;;;;;;
New Caledonia;Insurance records;2015;4141;;;;;;;;;;;;;;;;;;;;;;
New Zealand;Insurance records;2010;20229;2857;79;3931;29;150;3021;2376;1655;639;77;73;121;205;1035;463;413;1598;490;181;0;0;836
New Zealand;Insurance records;2012;15369;2790;66;2670;183;;2706;1437;1140;621;39;33;228;240;249;162;441;798;510;513;;;540
New Zealand;Insurance records;2015;24993;2940;51;5340;345;0;4077;2547;2079;912;33;84;276;369;366;666;555;2091;651;633;0;0;957
Nicaragua;Other administrative records and related sources;2010;25838;3359;219;8131;481;0;692;2428;702;586;0;598;1281;0;0;4902;707;985;0;573;60;134;0
Norway;Labour inspectorate records;2010;38660;510;373;7578;450;443;4665;2490;3153;533;98;90;143;323;1368;3193;4118;7725;308;218;8;0;
Norway;Labour inspectorate records;2011;26410;343;363;4855;343;310;3265;1840;2038;353;100;73;78;253;1008;2238;2610;5508;198;288;8;0;
Norway;Labour inspectorate records;2012;45678;610;415;6985;465;563;5565;3140;3310;765;198;98;175;470;2053;4070;5148;10548;343;303;0;0;
Norway;Labour inspectorate records;2013;22807;254;92;2880;190;346;2754;1633;1680;469;107;55;78;197;1074;2178;2669;5565;228;128;0;0;
Norway;Labour inspectorate records;2014;10108;145;202;1431;80;116;1367;721;819;219;41;24;34;107;594;333;708;2139;101;62;1;0;
Norway;Labour inspectorate records;2015;10785;207;176;1475;96;114;1460;732;923;209;51;23;29;121;636;766;683;2270;102;72;3;0;
Norway;Labour inspectorate records;2016;10150;213;140;1213;88;146;1396;652;866;186;58;19;32;104;621;1069;676;2174;115;62;2;0;
Norway;Labour inspectorate records;2017;10004;208;123;1119;75;116;1398;692;917;224;66;21;40;111;647;1019;635;2115;105;66;0;1;
Norway;Labour inspectorate records;2018;10525;216;131;1198;103;132;1370;747;978;208;53;26;44;124;710;1126;677;2253;100;78;1;2;
Occupied Palestinian Territory;Other administrative records and related sources;2013;732;44;34;234;10;;161;93;1;152;;;;;;;;;;;;;3
Occupied Palestinian Territory;Other administrative records and related sources;2015;643;88;7;256;11;;104;49;5;;;3;;;;;;;;;119;;1
Occupied Palestinian Territory;Other administrative records and related sources;2016;668;74;7;229;7;0;109;0;0;0;0;0;0;188;0;0;0;0;0;0;0;0;54
Occupied Palestinian Territory;Other administrative records and related sources;2017;797;124;26;232;8;0;99;54;3;0;0;7;0;0;237;0;0;0;0;0;0;0;7
Pakistan;Labour force survey;2018;2308567;959228;6311;390442;10241;3553;398682;222466;177957;31953;2755;3943;6024;2296;4734;20576;16591;11084;0;34321;5409;0;0
Panama;Labour inspectorate records;2010;40;;;2;;;26;5;;3;;;2;;;1;;;;;1;;
Panama;Labour inspectorate records;2011;22;2;;1;;;13;1;4;;;;;;;;;;;;1;;
Panama;Labour inspectorate records;2012;30;1;;5;;;15;4;1;1;;;2;;;;;;;1;;;
Panama;Labour inspectorate records;2013;42;1;;7;;;31;2;1;;;;;;;;;;;;;;
Panama;Labour inspectorate records;2014;32;2;;1;3;;25;;;;;1;;;;;;;;;;;
Panama;Labour inspectorate records;2015;25;;;3;1;;16;3;;;;;1;;;;;;;;1;;
Panama;Labour inspectorate records;2016;15;;;2;;;10;;2;;1;;;;;;;;;;;;
Panama;Labour inspectorate records;2017;20;;;3;;;12;1;2;1;;;;;;;;;;1;;;
Panama;Labour inspectorate records;2018;14;;;1;;;9;1;1;1;;;;;1;;;;;;;;
Panama;Labour inspectorate records;2019;11;2;;2;;;6;;;1;;;;;;;;;;;;;
Philippines;Labour inspectorate records;2013;20432;2744;113;10087;388;176;524;2142;1145;1171;42;363;80;101;861;;155;287;12;41;;;
Philippines;Establishment survey;2015;17703;1862;52;8589;391;114;702;2028;999;995;44;282;44;53;663;;309;264;250;59;;;
Philippines;Establishment survey;2017;20328;1454;88;9034;445;170;802;2413;1000;1362;123;185;122;266;2122;;257;199;271;14;;;
Poland;Establishment survey;2010;85825;1417;3114;29782;1113;1827;8585;10725;5993;1101;546;787;1135;1241;3107;3627;3959;6437;786;543;0;0;
Poland;Establishment survey;2011;87741;1407;2846;31078;1012;1978;8755;10365;6234;1258;514;763;1090;1234;3664;3874;3886;6572;768;440;0;3;
Poland;Establishment survey;2012;86745;1374;2642;29379;969;2065;7879;10946;6163;1327;492;877;1079;1168;3754;4015;4197;7145;821;451;0;2;
Poland;Establishment survey;2013;77339;1196;2346;26041;798;1991;6244;9941;5564;1146;428;1083;947;897;3601;3769;3932;6299;669;447;0;0;
Poland;Establishment survey;2014;76274;1206;2248;26357;628;1922;5863;10368;5537;1129;431;774;837;909;3453;3446;3790;6322;714;339;0;1;
Poland;Establishment survey;2015;81880;1250;2221;27174;684;2119;5557;11246;5932;1176;483;985;921;1047;3847;3902;4507;7548;825;453;0;3;
Poland;Establishment survey;2016;84037;1197;2170;27947;651;2273;5290;11258;6113;1334;499;937;823;1103;3957;3862;4585;8803;804;431;0;0;
Poland;Establishment survey;2017;84388;1284;2171;28310;681;2448;5195;11352;6657;1268;417;931;907;1109;3812;3707;4184;8766;763;426;0;0;
Poland;Establishment survey;2018;77949;1106;2187;27269;615;2154;5047;10153;6555;1088;418;727;796;1051;3452;3264;4175;6585;839;467;0;1;
Portugal;Insurance records;2010;130271;5214;1174;36528;121;2015;31418;22358;7347;8453;375;459;676;1371;8402;0;0;0;1090;2141;874;12;
Portugal;Insurance records;2011;125912;4950;779;34745;99;2082;27551;22406;9196;7930;400;352;616;1273;10131;0;0;0;988;1823;527;14;
Portugal;Insurance records;2012;113179;4200;888;33082;107;1659;19691;22560;9527;7595;407;282;409;1415;8576;0;0;0;900;1621;232;13;
Portugal;Insurance records;2013;123137;4768;757;32407;99;2080;18384;22028;7842;7134;481;243;430;1355;9835;4088;886;7144;912;1496;622;9;
Portugal;Insurance records;2014;130153;6308;722;34881;121;1867;19252;20101;8356;8299;554;268;512;1403;9212;5000;1137;8312;833;1754;668;5;
Portugal;Insurance records;2015;134378;6554;384;33045;123;1920;20239;19495;8971;9278;507;316;511;1672;10763;6133;1641;8939;726;1758;850;0;
Portugal;Insurance records;2016;135033;5792;661;33597;141;2171;18097;20240;7810;9396;566;367;516;1634;11609;6514;1380;10515;987;1810;558;7;
Portugal;Insurance records;2017;135488;4797;502;35526;139;1944;18551;20955;9763;9199;592;400;510;1720;12052;4275;1679;9343;928;1662;506;17;
Portugal;Insurance records;2018;130434;5010;597;33453;133;1954;18800;19115;8102;9372;551;434;552;1653;10965;5315;1058;8837;1019;2606;598;8;
Qatar;Labour inspectorate records;2013;55;0;3;13;0;1;28;6;3;0;0;0;1;0;0;0;0;0;0;0;0;0;0
Qatar;Labour inspectorate records;2014;83;;1;19;;;56;3;;;;;;;;;;;;4;;;
Qatar;Labour inspectorate records;2015;38;0;3;8;0;0;21;3;0;2;0;0;1;0;0;0;0;0;0;0;0;0;0
Romania;Labour inspectorate records;2010;3722;121;301;1448;79;108;458;362;282;55;45;33;18;43;149;74;37;77;17;15;0;0;
Romania;Labour inspectorate records;2011;3219;116;226;1256;66;115;442;290;222;52;32;33;11;49;126;58;38;69;7;10;1;0;
Romania;Labour inspectorate records;2012;3281;120;196;1218;84;107;397;390;234;70;26;20;7;48;168;41;29;99;16;11;0;0;
Romania;Labour inspectorate records;2013;3453;115;157;1311;120;92;401;380;306;79;37;34;13;52;151;57;41;72;20;14;0;1;
Romania;Labour inspectorate records;2014;3396;112;73;1195;155;106;422;410;329;85;39;32;6;59;151;58;39;97;18;10;0;0;
Romania;Labour inspectorate records;2015;3913;133;61;1375;178;98;471;474;364;115;50;37;11;79;212;65;59;89;25;16;1;0;
Romania;Labour inspectorate records;2016;4188;146;42;1483;163;124;487;593;385;115;45;40;10;75;194;68;66;108;20;24;0;0;
Romania;Labour inspectorate records;2017;4491;159;52;1542;157;135;480;653;432;142;55;48;18;69;244;67;47;132;31;28;0;0;
Romania;Labour inspectorate records;2018;4623;161;30;1658;121;121;441;690;464;168;55;42;15;68;207;82;69;166;45;20;0;0;
Réunion;Insurance records;2014;3516;59;7;360;5;102;347;583;319;196;29;25;23;48;248;339;54;654;33;85;0;0;0
Seychelles;Employment office records;2018;69;0;0;4;0;1;7;1;18;32;0;1;0;0;2;2;0;1;0;0;0;0;0
Singapore;Labour inspectorate records;2010;10264;;;2137;;89;2374;654;719;707;37;87;222;233;367;;;;;;;;2638
Singapore;Labour inspectorate records;2011;10060;;;2271;;94;1851;559;762;822;36;80;242;272;343;;;;;;;;2728
Singapore;Labour inspectorate records;2012;11057;;;2690;;112;2081;565;786;879;40;125;289;348;320;;;;;;;;2822
Singapore;Labour inspectorate records;2013;11842;;;2788;;108;2562;544;794;866;33;117;281;382;318;;;;93;;;;2956
Singapore;Labour inspectorate records;2014;13535;;;3062;;151;2888;675;1101;947;54;133;298;399;419;;;;113;;;;3295
Singapore;Labour inspectorate records;2015;12285;11;2;2682;14;145;2233;624;1088;969;37;142;294;434;353;75;219;460;108;290;;3;1716
Singapore;Labour inspectorate records;2016;12948;14;3;2730;15;119;2285;641;1133;1111;45;151;357;402;440;98;229;484;141;310;1;;2239
Singapore;Labour inspectorate records;2017;12456;19;1;2537;17;127;1884;615;1085;1159;60;143;411;380;511;100;244;511;142;288;;;2222
Singapore;Labour inspectorate records;2018;12769;19;1;2596;12;117;1780;737;1087;1196;54;175;417;440;605;70;289;578;145;316;;;1868
Singapore;Labour inspectorate records;2019;13740;9;;2790;10;130;2102;758;1121;1319;54;205;470;454;745;83;321;698;152;343;2;1;1616
Slovakia;Labour inspectorate records;2010;9126;651;0;3839;66;178;656;1078;826;146;46;61;48;124;383;214;323;388;64;35;0;0;
Slovakia;Labour inspectorate records;2011;8788;530;3;3745;39;199;538;1101;831;141;42;33;49;141;345;209;375;366;67;34;0;0;
Slovakia;Labour inspectorate records;2012;8483;542;2;3501;41;191;498;1073;795;117;31;81;53;102;444;205;327;378;75;27;0;0;
Slovakia;Labour inspectorate records;2013;8741;563;216;3332;40;183;461;1111;823;125;45;98;77;134;479;203;351;404;64;32;0;0;
Slovakia;Labour inspectorate records;2014;8552;479;194;3526;37;189;439;1045;722;132;27;68;54;176;471;164;311;421;75;22;0;0;
Slovakia;Labour inspectorate records;2015;9247;517;165;3676;52;192;476;1104;863;163;38;48;57;185;577;255;330;435;65;29;0;0;
Slovakia;Labour inspectorate records;2016;9304;477;4;3855;55;216;383;1147;870;176;38;55;68;178;552;285;369;448;85;42;0;1;0
Slovakia;Labour inspectorate records;2017;10091;493;162;4135;50;239;425;1260;930;201;29;60;65;167;517;309;397;492;91;55;0;0;
Slovakia;Labour inspectorate records;2018;10145;522;181;4134;59;244;446;1279;906;181;63;56;88;142;478;300;388;552;73;51;0;0;
Slovenia;Other administrative records and related sources;2010;16367;428;153;5539;180;330;2303;1764;1183;656;101;123;59;373;598;858;699;711;192;86;0;1;
Slovenia;Other administrative records and related sources;2011;14982;397;110;5320;153;342;1864;1595;1014;587;99;140;46;339;553;806;640;696;149;78;1;3;
Slovenia;Other administrative records and related sources;2012;14297;215;133;4907;158;337;1659;1504;1077;562;92;97;44;380;473;930;580;652;167;78;0;0;
Slovenia;Other administrative records and related sources;2013;12537;232;114;4200;136;276;1406;1299;1020;468;87;80;36;336;560;717;587;613;132;72;0;0;
Slovenia;Other administrative records and related sources;2014;12314;371;123;4027;123;321;1450;1331;956;461;73;54;33;372;444;801;578;606;126;64;0;0;
Slovenia;Other administrative records and related sources;2015;12448;397;126;4142;124;290;1365;1328;949;492;86;81;27;246;677;722;583;603;138;72;0;0;
Slovenia;Other administrative records and related sources;2016;12162;318;109;4118;109;271;1256;1346;876;510;62;60;59;247;711;696;575;620;159;60;0;0;
Slovenia;Other administrative records and related sources;2017;13288;310;112;4467;125;320;1413;1371;1109;525;81;58;62;245;870;763;616;633;162;46;0;0;
Slovenia;Other administrative records and related sources;2018;13126;297;125;4444;100;304;1464;1436;1047;554;55;60;44;224;860;675;581;640;152;64;0;0;
South Africa;Other administrative records and related sources;2010;17268;1207;159;4908;18;368;846;3541;1352;326;331;208;358;239;1049;0;174;502;119;0;0;0;1563
South Africa;Other administrative records and related sources;2016;155427;23046;1367;11220;;;;35719;;;;;;;;12045;;;72030;;;;
Spain;Insurance records;2011;445462;24178;3083;82292;443;8035;68947;64121;29730;35712;2697;1124;749;5372;40110;29360;5413;31106;6316;5851;805;18;
Spain;Insurance records;2012;355811;21843;2708;63162;365;6457;44892;50851;24200;29812;2156;931;707;4002;31667;27151;4761;28444;5444;4839;1405;14;
Spain;Insurance records;2013;370176;23944;2224;59908;309;6468;37565;49532;25279;30217;1967;929;646;4054;33165;42107;6948;32573;5667;4705;1957;12;
Spain;Insurance records;2014;387439;26191;2457;61978;299;6835;38263;51287;25768;33365;1942;958;791;4171;35961;41277;8501;34540;5933;4814;2088;21;
Spain;Insurance records;2015;413756;27527;2345;66193;320;7541;42889;54947;27779;36977;2170;852;836;4543;39968;39871;8544;37009;6237;5132;2064;12;
Spain;Insurance records;2016;487494;33025;2230;89807;475;8839;53430;69833;36392;49146;2945;1228;979;5543;29322;37126;7516;43427;7796;6031;2336;68;0
Spain;Insurance records;2017;453437;29344;1542;73346;287;7378;52818;60191;31390;44036;2151;835;769;5162;45604;38143;8756;37327;7100;5251;1987;20;
Spain;Insurance records;2018;465227;29378;1597;76507;309;7713;59322;60961;32805;44787;2172;807;785;5221;47133;35236;8673;37218;7477;5184;1917;25;
Spain;Insurance records;2019;489643;30956;1345;82314;317;7674;70843;64780;35934;47681;2396;907;952;5652;47702;30927;8564;34896;8188;5772;1823;20;
Sri Lanka;Labour inspectorate records;2010;1456;;;;;;;;;;;;;;;;;;;;;;
Sri Lanka;Labour inspectorate records;2014;1405;;15;975;55;;62;;121;7;;;;;;;;;;;;;170
Sri Lanka;Labour inspectorate records;2015;1313;;12;935;37;;76;;119;2;;;;;;;;;;;;;132
Sri Lanka;Labour inspectorate records;2016;1405;;12;1044;33;;43;;99;1;;;;;;;;;;;;;173
Sri Lanka;Labour inspectorate records;2017;1564;;17;1166;40;;75;;75;12;;;;;;;;;;;;;179
Sri Lanka;Labour inspectorate records;2018;1492;2;32;1050;53;0;78;8;93;10;2;;;;;;;;;;;;164
Sri Lanka;Labour inspectorate records;2019;1461;2;29;1061;44;5;59;13;111;2;;;;;;;;;;;;;135
Sweden;Other administrative records and related sources;2010;34201;588;97;5545;110;258;3245;6526;3203;680;109;127;449;680;2022;1172;2884;5561;468;353;0;0;
Sweden;Other administrative records and related sources;2011;34591;588;91;5553;110;271;3343;6530;3225;766;99;113;451;647;2391;1165;2615;5563;453;369;0;0;
Sweden;Other administrative records and related sources;2012;36098;602;99;5516;104;287;3352;6909;3227;861;103;85;487;787;2544;1201;2855;5892;447;426;0;0;
Sweden;Other administrative records and related sources;2013;36188;562;100;5169;86;283;3469;6570;3331;758;90;82;440;956;2518;1219;2961;6361;408;419;0;0;
Sweden;Other administrative records and related sources;2014;35296;636;77;5025;78;269;4102;3278;3323;855;147;87;412;770;2362;1198;3011;8071;509;504;0;0;
Sweden;Other administrative records and related sources;2015;36362;579;99;4945;87;286;4318;3467;3299;859;139;82;481;764;2584;1316;3289;8107;600;583;0;0;
Sweden;Other administrative records and related sources;2016;37858;517;101;5122;88;290;4444;3677;3519;895;154;86;549;800;2888;1306;3357;8509;595;538;0;0;
Sweden;Other administrative records and related sources;2017;36761;521;94;4978;77;265;4451;3580;3483;889;143;80;513;855;3152;1390;3098;7643;551;509;0;0;
Sweden;Other administrative records and related sources;2018;36457;585;88;4905;59;270;4410;3753;3539;891;158;91;542;844;3348;1433;3015;7135;576;540;0;0;
Switzerland;Other administrative records and related sources;2010;79191;1543;225;13454;375;577;18573;9705;5664;4835;430;989;493;2042;8822;3258;1244;3999;1415;1180;222;3;
Switzerland;Other administrative records and related sources;2011;84208;1552;188;13867;437;593;19820;10437;5710;5287;425;1009;537;2295;9801;3678;1258;4386;1446;1143;283;2;
Switzerland;Other administrative records and related sources;2012;85426;1623;222;14040;530;618;19717;10501;5934;5215;432;961;832;1586;10117;3516;1238;4689;1363;1099;290;3;
Switzerland;Other administrative records and related sources;2013;86039;1695;197;13845;459;641;20768;10220;5884;5429;456;916;876;1597;10209;4120;913;4774;1524;1128;245;5;
Switzerland;Other administrative records and related sources;2014;86346;1609;190;13644;501;662;21055;10163;5841;5443;431;791;828;1824;10063;4121;970;5070;1597;1119;199;4;
Switzerland;Other administrative records and related sources;2015;85655;1744;207;13477;465;736;20876;9950;5840;5281;410;1128;746;1716;10051;3779;1046;5119;1596;1202;218;0;
Switzerland;Other administrative records and related sources;2016;87386;1715;178;13131;493;764;21282;9963;5894;5356;403;1134;737;1868;10469;3913;1033;5653;1897;1163;213;1;
Switzerland;Other administrative records and related sources;2017;89224;1622;179;13295;438;797;21329;10356;6246;5491;408;620;473;2356;11275;3766;1141;6055;1680;1264;233;3;
Switzerland;Other administrative records and related sources;2018;92890;1744;191;13930;500;892;21714;10656;6523;5313;434;705;550;2371;12229;3881;984;6349;2111;1241;219;5;
Thailand;Insurance records;2010;146;2;1;88;0;0;15;18;5;5;2;1;1;1;3;;0;1;1;0;;;2
Thailand;Insurance records;2013;5081;2795;6;631;6;14;518;464;51;356;2;5;2;9;18;71;28;19;10;66;8;0;1
Thailand;Insurance records;2014;5270;2597;3;708;9;12;503;571;88;446;7;18;6;14;33;72;38;29;8;86;18;;4
Thailand;Insurance records;2019;94267;1280;356;50253;186;166;11413;13453;3286;5609;176;146;956;1154;2261;1866;165;787;454;300;;;
Trinidad and Tobago;Other administrative records and related sources;2010;833;0;81;385;19;;53;121;34;1;;52;;;;73;;;;;;;14
Turkey;Insurance records;2010;62903;502;9081;34677;290;360;6437;2674;4138;1590;30;30;8;465;1141;45;52;107;129;949;6;5;187
Turkey;Insurance records;2011;69227;544;10558;36730;294;455;7749;2893;4198;1794;62;35;7;557;1316;35;72;140;105;1113;7;4;559
Turkey;Insurance records;2012;74871;651;9963;39327;325;383;9209;3050;4639;2204;48;42;11;578;1332;36;122;153;233;1118;10;2;1435
Turkey;Insurance records;2013;191468;1672;14304;97071;795;1166;26985;9902;16218;10619;224;190;32;1534;5792;128;713;1210;232;2642;29;10;0
Turkey;Insurance records;2014;221463;2077;13049;111204;1274;2338;29716;11775;17475;13842;341;225;155;1988;10515;108;924;2098;274;2029;46;10;0
Turkey;Insurance records;2015;241684;2453;10421;117556;1816;4061;33405;13349;18498;15566;422;320;294;2154;14045;227;1773;3084;312;1857;64;7;0
Turkey;Insurance records;2016;286265;2791;11793;131979;1760;5054;44603;16494;19096;18031;545;347;434;2847;18178;377;4745;4696;405;1993;89;8;0
Ukraine;Establishment survey;2016;4072;293;939;921;131;86;121;210;345;41;26;34;40;55;112;238;138;289;44;9;;;
Ukraine;Establishment survey;2017;4109;264;843;1058;143;97;165;204;370;53;14;35;20;34;85;181;146;344;47;6;;;
Ukraine;Establishment survey;2018;3765;232;814;1053;132;97;139;192;348;29;27;20;18;31;79;128;70;318;37;1;;;
Ukraine;Establishment survey;2019;3984;272;749;941;141;81;207;279;342;57;24;32;30;37;86;197;174;279;40;16;;;
United Kingdom;Insurance records;2010;252597;5750;614;32140;391;3747;28372;33489;21732;10548;2176;1840;3892;2484;12844;17103;20862;42288;9439;2709;139;39;
United Kingdom;Insurance records;2011;245496;7031;616;35215;489;3911;28751;30961;18873;11507;2070;1664;2546;1948;11450;13645;19941;42792;8898;3074;83;29;
United Kingdom;Insurance records;2012;227676;7025;497;36138;508;4193;22753;28990;17520;13137;1486;1398;661;1195;8168;11249;18338;41877;8436;4108;0;0;
United Kingdom;Insurance records;2013;243798;6363;545;35664;443;5563;24068;33715;29900;11902;1541;1170;524;988;8051;13639;16100;42260;7072;4257;0;0;
United Kingdom;Insurance records;2014;244948;7790;600;35379;488;5024;24887;33110;29262;12625;1600;1026;526;982;8000;13300;15919;42568;7304;4550;0;0;
United Kingdom;Insurance records;2015;237008;7298;485;33491;530;4932;24991;32308;29115;12799;1576;801;457;1032;7087;12674;15093;40914;7230;4191;5;0;
United Kingdom;Insurance records;2016;227165;7008;421;32498;455;4888;24270;29540;28112;11574;1147;701;433;934;6692;12279;15074;39783;7079;4277;0;0;
United Kingdom;Insurance records;2017;225658;7011;342;32436;496;4704;23514;28097;27861;11017;1064;665;469;932;8828;12267;14858;39978;7198;3922;0;0;
United Kingdom;Insurance records;2018;220985;6695;403;32646;462;4546;22619;27210;26326;11452;1123;522;395;964;8094;12307;15567;38712;6760;4183;0;0;
United States;Establishment survey;2010;933200;14000;6900;127100;5700;6700;75000;189500;89500;73700;19300;10500;17000;25300;43900;;10400;176400;15000;27300;;;
United States;Establishment survey;2011;918200;16300;7100;130000;5700;7200;73600;184700;88200;70800;14100;9800;18700;25100;41100;;10700;172000;16000;26900;;;
United States;Establishment survey;2012;918700;17900;7400;125400;4400;7500;75200;185100;90200;75600;15200;8900;17500;21800;44500;;10000;169100;15700;27300;;;
United States;Establishment survey;2013;917100;19600;7800;120100;3300;8200;82000;186000;87200;77100;16100;9500;19500;23200;38300;;10500;167200;17600;23900;;;
United States;Establishment survey;2014;916400;17000;7700;126000;3800;8600;74500;179800;95000;75100;15700;10000;16300;24900;44200;;11500;164400;15800;25900;;;
United States;Establishment survey;2015;902200;18700;5200;122600;4100;7600;79900;184100;91000;78600;14100;9500;20600;23700;36000;;10500;158400;14100;23600;;;
United States;Establishment survey;2016;892300;16600;4400;118100;3900;6700;82800;176700;95300;76100;13500;7500;18100;21900;43100;;11800;154700;15100;26200;;;
United States;Establishment survey;2017;882700;17000;4800;115600;3900;7100;79800;176700;96100;75800;14800;8100;18400;23800;37400;;10200;152300;17300;23700;;;
United States;Establishment survey;2018;900400;17400;4100;118600;3600;7700;77500;183100;103600;77800;15600;7100;16000;21000;38800;;11600;155600;16000;25500;;;
Uruguay;Insurance records;2013;22855;657;;4748;;;3263;4198;1723;701;280;129;;;;150;330;2007;506;3361;221;;581
Uruguay;Insurance records;2018;32751;;;;;;;;;;;;;;;;;;;;;;
Uzbekistan;Official estimate;2015;242;191;24;25;2;;;;;;;;;;;;;;;;;;
Uzbekistan;Official estimate;2016;274;235;16;22;1;;;;;;;;;;;;;;;;;;
Uzbekistan;Official estimate;2017;233;190;23;18;2;;;;;;;;;;;;;;;;;;
Uzbekistan;Official estimate;2018;231;187;19;21;4;;;;;;;;;;;;;;;;;;
Uzbekistan;Official estimate;2019;237;188;16;23;10;;;;;;;;;;;;;;;;;;
Zimbabwe;Insurance records;2011;3874;415;427;971;144;341;240;344;318;290;39;49;0;0;0;0;0;0;0;296;0;0;0
Zimbabwe;Insurance records;2012;4586;601;533;1010;168;387;247;407;401;402;59;72;0;0;0;0;0;0;0;299;0;0;0
Zimbabwe;Insurance records;2013;4338;501;533;995;168;387;247;395;401;390;59;72;0;0;0;0;0;0;0;190;0;0;0
Zimbabwe;Insurance records;2014;5226;727;777;1321;190;0;169;622;344;0;60;146;0;0;0;405;0;0;0;465;0;0;0
Zimbabwe;Insurance records;2015;4555;592;533;1101;168;387;247;403;401;402;59;72;0;0;0;0;0;0;0;190;0;0;0
Zimbabwe;Insurance records;2016;4969;668;727;1699;217;0;115;677;67;0;59;169;0;0;6;426;0;0;0;139;0;0;
Zimbabwe;Insurance records;2017;4650;436;630;1019;151;0;130;750;335;0;39;140;0;0;32;437;0;0;0;551;0;0;
Zimbabwe;Insurance records;2018;4596;460;384;1604;718;0;43;147;556;0;330;33;0;0;62;78;0;0;0;181;0;0;
